respondent_id,programming_language,experience_years,sentiment,developer_role,location,comment
1,Python,3,positive,data_scientist,California,"Python's syntax is incredibly clean and readable. Perfect for data science work."
2,JavaScript,5,mixed,frontend_developer,New_York,"JavaScript is powerful but can be frustrating with its type coercion issues."
3,Java,7,positive,backend_developer,Texas,"Java's strong typing and enterprise features make it reliable for large applications."
4,C++,10,mixed,systems_programmer,Washington,"C++ gives you incredible control but the learning curve is steep and memory management is tricky."
5,Python,2,positive,student,Louisiana,"Love how quickly I can prototype ideas in Python. The libraries are amazing."
6,JavaScript,4,negative,fullstack_developer,Florida,"Callback hell and async issues make JavaScript debugging a nightmare sometimes."
7,Rust,1,positive,systems_programmer,Oregon,"Rust's memory safety without garbage collection is revolutionary for systems programming."
8,Java,8,positive,enterprise_developer,Illinois,"Java's 'write once, run anywhere' philosophy has saved me countless hours."
9,C++,6,mixed,game_developer,California,"Performance is unmatched but debugging segmentation faults is pure pain."
10,Python,5,positive,data_scientist,Massachusetts,"Data science libraries like pandas and numpy make Python indispensable for analytics."
11,JavaScript,6,positive,frontend_developer,Colorado,"The Node.js ecosystem has transformed JavaScript into a full-stack powerhouse."
12,Go,2,positive,backend_developer,remote,"Go's simplicity and built-in concurrency make microservices development a breeze."
13,TypeScript,3,positive,frontend_developer,New_York,"TypeScript brings sanity to JavaScript development with proper type checking."
14,Rust,2,mixed,student,Oregon,"Rust's borrow checker is both a blessing and a curse - safe but sometimes frustrating."
15,Python,4,positive,web_developer,Louisiana,"Django and Flask make web development in Python so straightforward and elegant."
16,Java,9,mixed,enterprise_developer,Virginia,"Java can be verbose but the JVM ecosystem and tooling are incredibly mature."
17,C++,12,positive,game_developer,California,"For game development and embedded systems, nothing beats C++'s performance."
18,JavaScript,7,mixed,fullstack_developer,Texas,"Frontend frameworks change so fast it's hard to keep up, but the innovation is exciting."
19,Kotlin,2,positive,mobile_developer,Washington,"Kotlin fixes Java's verbosity while maintaining full interoperability."
20,Swift,3,positive,mobile_developer,California,"Swift makes iOS development much more pleasant than Objective-C ever did."
21,Python,6,positive,machine_learning_engineer,California,"Scikit-learn and TensorFlow make ML development incredibly accessible in Python."
22,JavaScript,3,negative,student,Florida,"Trying to understand closures and prototypal inheritance is giving me headaches."
23,Java,11,positive,senior_developer,New_Jersey,"Spring Boot has revolutionized how we build enterprise applications."
24,C++,8,mixed,embedded_developer,Michigan,"Real-time constraints demand C++, but modern features like smart pointers help a lot."
25,Python,1,positive,student,Louisiana,"Just started learning Python and I'm amazed at how much I can accomplish so quickly."
26,JavaScript,9,positive,tech_lead,remote,"ES6+ features have made JavaScript a genuinely pleasant language to work with."
27,Rust,3,positive,systems_programmer,Colorado,"Once you fight the borrow checker and win, you never want to go back to manual memory management."
28,Java,5,mixed,backend_developer,Georgia,"Love the ecosystem but wish the syntax was less verbose for simple tasks."
29,C++,15,positive,senior_developer,Texas,"Despite its complexity, C++ remains unmatched for performance-critical applications."
30,Python,7,positive,data_engineer,New_York,"Python's ecosystem for data processing is unparalleled - from pandas to Apache Airflow."
31,Go,4,positive,devops_engineer,remote,"Go's compilation speed and deployment simplicity make it perfect for DevOps tools."
32,TypeScript,5,positive,frontend_developer,Washington,"Never going back to plain JavaScript. TypeScript catches so many bugs at compile time."
33,Kotlin,4,positive,android_developer,California,"Kotlin makes Android development fun again. Null safety is a game changer."
34,Swift,2,mixed,ios_developer,New_York,"Swift is powerful but Apple's rapid changes sometimes break existing code."
35,Python,8,positive,research_scientist,Massachusetts,"For scientific computing and research, Python's libraries are absolutely essential."
36,JavaScript,2,negative,student,Texas,"Asynchronous programming concepts are really difficult to grasp as a beginner."
37,Java,6,positive,fullstack_developer,Illinois,"Java's reliability and mature ecosystem make it great for long-term projects."
38,C++,4,mixed,student,Michigan,"Learning C++ is tough but understanding memory management helps with other languages."
39,Python,9,positive,senior_data_scientist,remote,"Ten years with Python and it still surprises me with new libraries and capabilities."
40,Rust,1,negative,student,Oregon,"Rust's learning curve is incredibly steep. Spending more time fighting the compiler than coding."
41,JavaScript,8,positive,senior_frontend,California,"Modern JavaScript with proper tooling is a completely different experience than five years ago."
42,Go,3,positive,backend_developer,Colorado,"Go's standard library is comprehensive enough that I rarely need external dependencies."
43,Java,10,mixed,architect,Virginia,"Java's enterprise features are powerful but sometimes feel over-engineered for simple tasks."
44,Python,3,positive,automation_engineer,Florida,"Python scripts have automated away so many tedious tasks in my workflow."
45,C++,7,positive,graphics_programmer,California,"For real-time graphics and game engines, C++ performance is absolutely critical."
46,TypeScript,2,positive,student,Washington,"TypeScript makes learning web development much easier with its type safety."
47,Rust,5,positive,blockchain_developer,remote,"Rust's safety guarantees are perfect for cryptocurrency and blockchain applications."
48,Swift,4,positive,ios_developer,Texas,"SwiftUI has made iOS interface development much more declarative and intuitive."
49,Python,4,mixed,web_developer,Louisiana,"Love Python for backend work but performance can be an issue for high-traffic applications."
50,JavaScript,6,mixed,fullstack_developer,New_York,"JavaScript fatigue is real - the ecosystem changes too rapidly sometimes."
51,Java,12,positive,principal_engineer,California,"Java's backwards compatibility means legacy systems stay maintainable for decades."
52,C++,9,mixed,senior_developer,Michigan,"Modern C++ is much better than old C++, but template error messages are still cryptic."
53,Go,1,positive,student,remote,"Go's simplicity makes it a great second language after learning programming fundamentals."
54,Python,11,positive,data_science_manager,Massachusetts,"Python's role in the data science pipeline from research to production is unmatched."
55,Rust,2,mixed,systems_programmer,Colorado,"Rust prevents so many bugs but the compile times can be frustratingly slow."
56,JavaScript,10,positive,staff_engineer,remote,"JavaScript's evolution from a toy language to a serious platform is remarkable."
57,TypeScript,4,positive,frontend_architect,New_York,"TypeScript enables large-scale frontend applications that would be unmaintainable in plain JS."
58,Kotlin,3,positive,backend_developer,Illinois,"Kotlin's interoperability with Java makes migration from existing codebases seamless."
59,Swift,5,positive,senior_ios_developer,California,"Swift's type system and performance make it ideal for both app development and server-side work."
60,Python,2,positive,bootcamp_graduate,Florida,"Python was the perfect first language - readable syntax helped me focus on programming concepts."
61,C++,11,positive,embedded_systems_engineer,Texas,"For IoT and embedded systems, C++'s control over hardware is indispensable."
62,JavaScript,4,negative,junior_developer,Georgia,"Debugging JavaScript can be a nightmare with its dynamic typing and runtime errors."
63,Java,14,positive,distinguished_engineer,remote,"Java's maturity and ecosystem depth make it ideal for large-scale enterprise systems."
64,Python,6,positive,ml_researcher,California,"Python's integration with C libraries gives you both ease of use and performance when needed."
65,Rust,4,positive,senior_systems_programmer,Oregon,"Rust's zero-cost abstractions let you write high-level code without sacrificing performance."
66,Go,5,positive,cloud_architect,remote,"Go's built-in concurrency primitives make it perfect for cloud-native applications."
67,TypeScript,6,positive,principal_frontend_engineer,Washington,"TypeScript has become essential for any serious frontend development work."
68,Swift,1,mixed,student,California,"Swift Playgrounds are great for learning but Xcode can be overwhelming for beginners."
69,Python,10,positive,cto,New_York,"Python's versatility lets our small team handle everything from web apps to machine learning."
70,JavaScript,5,mixed,freelancer,remote,"JavaScript's ubiquity means steady work, but keeping up with frameworks is exhausting."
71,Java,8,positive,team_lead,Illinois,"Java's strong typing and tooling make code reviews and team collaboration much easier."
72,C++,13,positive,principal_engineer,Michigan,"Despite its complexity, C++ gives you the tools to solve any performance problem."
73,Rust,3,positive,security_engineer,remote,"Rust's memory safety features are crucial for writing secure systems software."
74,Python,5,positive,backend_developer,Louisiana,"Python's rapid development cycle is perfect for startup environments where speed matters."
75,Go,2,positive,devops_engineer,Colorado,"Go binaries are self-contained which makes deployment and distribution incredibly simple."